{"best_test_accuracy":73.58440170940172,"_wandb":{"runtime":47606},"_runtime":47606,"_step":0,"best_train_accuracy":75.41464401294499,"total_training_time":47444.34239959717,"final_train_accuracy":75.41464401294499,"final_test_accuracy":73.58440170940172,"training_time_seconds":47444.34239959717,"_timestamp":1.7515497829969437e+09,"training_time_minutes":790.7390399932862}